Timestamp,ID,Type,Label,Content
2026-05-16 22:29:43,1,Image,AI,https://www.cnet.com/a/img/resize/6e9e957da895f9bf1d99a8472ef18bce1bd16a01/hub/2023/11/08/0e371a21-a79b-42b0-9318-f49ff5956d1b/firefly-beautiful-utah-mountains-in-the-distance-hot-springs-in-the-foreground-63804.jpg?auto=webp&width=1200
2026-05-16 22:29:50,1,Text,N/A,AI-generated
2026-05-16 22:29:53,2,Image,Real,https://www.cnet.com/a/img/resize/d7e1783d932a23c62c5595676290718b8ddbf664/hub/2023/11/14/b3a15031-d438-4712-9b50-3912aa788ea8/death-valley-national-park-7302-16-9.jpg?auto=webp&width=1200
2026-05-16 22:30:03,2,Text,N/A,"the desert landscape is an actual photograph taken at Zabriskie Point in Death Valley National Park, California."
2026-05-16 22:30:06,3,Image,Real,https://www.cnet.com/a/img/resize/3684e899dc777ea502ff23d6aedcaeab98b4fc4c/hub/2023/11/14/a5abfa9a-3033-4488-a3d6-864e5069af63/apple-091217-steve-jobs-theater-3858.jpg?auto=webp&width=1200
2026-05-16 22:30:15,3,Text,N/A,"taken through the windows above Apple's Steve Jobs Theater in Cupertino, California"
2026-05-16 22:30:18,4,Image,AI,https://www.cnet.com/a/img/resize/d31e9610e65ee836b9fb044f5b75472ac2ffdec6/hub/2023/11/08/60090f17-e873-479b-ba85-55a096f74772/firefly-a-portrait-of-a-tourist-couple-in-foggy-san-francisco-on-vacation-in-casual-clothing-backpa.jpg?auto=webp&width=1200
2026-05-16 22:30:22,4,Text,N/A,AI-generated
2026-05-16 22:30:44,5,Image,AI,https://www.cnet.com/a/img/resize/c0c6186fc2cde4ba236d448c3d74757ed875f1e6/hub/2023/11/14/9249c134-e391-4fcd-8a98-8244611056e4/dr-jamesco-buzzkill-90s-attitude-teen-girl-white-trash-crop-top-b136ea9d-6afb-4ec2-bf7b-3511e2173c92.png?auto=webp&width=1200
2026-05-16 22:30:49,5,Text,N/A,AI-generated
2026-05-16 22:30:53,6,Image,AI,https://www.cnet.com/a/img/resize/58b1b2009c3e941170f3ea90e5f93f95da83aab6/hub/2023/11/14/dbbec7a7-7e9b-454c-9c55-5a1c2913c019/jamesco-smooth-rocky-shore-along-lake-tahoe-clear-aqua-marine-w-9dc9b2cb-218a-443d-b36b-1726e80c8d04.png?auto=webp&width=1200
2026-05-16 22:30:57,6,Text,N/A,AI-generated
2026-05-16 22:31:02,7,Image,Real,https://www.cnet.com/a/img/resize/3797f756e50fef0113b1f47ca42d9c81db045fce/hub/2023/11/14/08214bb4-4e19-4f98-9445-b297eae97ff2/img-9842.jpg?auto=webp&width=1200
2026-05-16 22:31:13,7,Text,N/A,"Lake Tahoe taken in Incline Village, Nevada."
2026-05-16 22:31:21,8,Image,Real,https://pleated-jeans.com/wp-content/uploads/2025/08/incredible-pictures-that-seem-ai-or-photoshopped-but-are-100-real-24.jpg.webp
2026-05-16 22:31:24,8,Text,N/A,Napping Comfortably
2026-05-16 22:31:37,9,Image,Real,https://pleated-jeans.com/wp-content/uploads/2025/08/incredible-pictures-that-seem-ai-or-photoshopped-but-are-100-real-3.jpg.webp
2026-05-16 22:31:45,9,Text,N/A,A Rainbow In A Clear Mineral Selenite.
2026-05-16 22:31:49,10,Image,Real,https://pleated-jeans.com/wp-content/uploads/2025/08/incredible-pictures-that-seem-ai-or-photoshopped-but-are-100-real-4.jpg.webp
2026-05-16 22:31:53,10,Text,N/A,A School Of Jellyfish Congregated Under This Boat
2026-05-16 22:32:12,11,Image,Real,https://pleated-jeans.com/wp-content/uploads/2025/08/incredible-pictures-that-seem-ai-or-photoshopped-but-are-100-real-8.jpg.webp
2026-05-16 22:32:20,11,Text,N/A,Supermoon Rising Over Santa Cruz’s Walton Lighthouse
2026-05-16 22:32:44,12,Image,Real,https://preview.redd.it/javelin-thrower-r-confusing-perspective-by-u-esociformes-v0-qbdj26ueuwug1.jpeg?width=1080&crop=smart&auto=webp&s=91e0c1eb932d6d9c7469f049937b57230e079764
2026-05-16 22:32:47,12,Text,N/A,Javelin thrower
2026-05-16 22:34:21,13,Image,Real,https://static.boredpanda.com/blog/wp-content/uploads/2022/05/6270e5edb47fb_OguOG0G__700.jpg
2026-05-16 22:34:24,13,Text,N/A,Colour Gradient Moss
2026-05-16 22:35:13,14,Image,Real,https://static.boredpanda.com/blog/wp-content/uploads/2022/05/6278c371896cf_b7lrdeqrwy041__700.jpg
2026-05-16 22:35:17,14,Text,N/A,Any Interstellar Fans Out There?
2026-05-16 22:36:05,15,Image,Real,https://i.imgur.com/ogmHKue.jpg
2026-05-16 22:36:12,15,Text,N/A,the original itself is already a fake photo since the rice wave is a sculpture that is sold in a fake food shop in Tokyo.
2026-05-16 22:36:54,16,Image,AI,https://i.imgur.com/jpAYHJA.jpg
2026-05-16 22:37:10,16,Text,N/A,a combination of a photo of a rock in Thailand and a castle in Germany.
2026-05-16 22:39:44,17,Image,AI,https://imageresizer.static9.net.au/2gLSwTJimsUM7RBzM3JsKA5EICk=/1200x0/https%3A%2F%2Fprod.static9.net.au%2Ffs%2Fb2a45fdf-65b3-4d04-9786-c6cb2ccb3df2
2026-05-16 22:39:48,17,Text,N/A,generated by AI
2026-05-16 22:39:58,18,Image,Real,https://imageresizer.static9.net.au/dtrgNjT-YQ0ExKzydX8UnlRXOfA=/1200x0/https%3A%2F%2Fprod.static9.net.au%2Ffs%2Fdc0fb877-7983-44fe-9f19-ce798a3cd9f1
2026-05-16 22:40:00,18,Text,N/A,AI-generated store
2026-05-16 22:40:05,19,Image,AI,https://imageresizer.static9.net.au/QMyPMrwSqRobrL_XrrbA5O6_ECs=/6x8:673x876/1200x0/https%3A%2F%2Fprod.static9.net.au%2Ffs%2Fcda0152b-0812-403f-af78-680c78ae05b3
2026-05-16 22:40:11,19,Text,N/A,AI-generated
2026-05-16 22:40:19,20,Image,AI,https://imageresizer.static9.net.au/GTR7wCc421tjpOgzw6TM5hwpyGM=/1200x0/https%3A%2F%2Fprod.static9.net.au%2Ffs%2F93a373af-41d4-4626-bcf7-0b158df1bbc9
2026-05-16 22:40:32,20,Text,N/A,AI-generated
2026-05-16 22:40:56,21,Image,AI,https://imageresizer.static9.net.au/ovTXZpvPuqE69wD-pKSRnICXNv8=/1200x0/https%3A%2F%2Fprod.static9.net.au%2Ffs%2F39ff53d0-c6e8-48f0-b064-9cdd509e7880
2026-05-16 22:40:58,21,Text,N/A,AI-generated
2026-05-16 22:42:58,22,Image,Real,https://static.boredpanda.com/blog/wp-content/uploads/2025/12/2-6939423f0c54c__700.jpg
2026-05-16 22:43:00,22,Text,N/A,Elevated lake on Faroe Islands
2026-05-16 22:43:04,23,Image,Real,https://static.boredpanda.com/blog/wp-content/uploads/2025/12/1-693941ba67011__700.jpg
2026-05-16 22:43:06,23,Text,N/A,"Meteora, Greece."
2026-05-16 22:43:10,24,Image,Real,https://static.boredpanda.com/blog/wp-content/uploads/2025/12/lmu2qdogc83g1-69392b2a73080__700.jpg
2026-05-16 22:43:13,24,Text,N/A,Rakotzbrücke.
2026-05-16 22:43:19,25,Image,Real,https://static.boredpanda.com/blog/wp-content/uploads/2025/12/e10c5bqw183g1-69391bbbc4096__700.jpg
2026-05-16 22:43:21,25,Text,N/A,Lençóis maranhenses.
2026-05-16 22:43:27,26,Image,Real,https://static.boredpanda.com/blog/wp-content/uploads/2025/12/3-69394279c1907__700.jpg
2026-05-16 22:43:30,26,Text,N/A,Crooked forest near Gryfino.
2026-05-16 22:44:55,27,Image,AI,https://static.demilked.com/wp-content/uploads/2022/08/ai-generated-photos-aurel-manea-1.jpg
2026-05-16 22:45:05,27,Text,N/A,an AI called Disco Diffusion
2026-05-16 22:45:09,28,Image,AI,https://static.demilked.com/wp-content/uploads/2022/08/ai-generated-photos-aurel-manea-2.jpg
2026-05-16 22:45:20,28,Text,N/A,Stable Diffusion
2026-05-16 22:45:26,29,Image,AI,https://static.demilked.com/wp-content/uploads/2022/08/ai-generated-photos-aurel-manea-4.jpg
2026-05-16 22:45:30,29,Text,N/A,Stable Diffusion
2026-05-16 22:47:34,30,Image,AI,https://cdn.mos.cms.futurecdn.net/2zwthvsYjtmT4VM8Vu6mAh-650-80.png.webp
2026-05-16 22:47:37,30,Text,N/A,Absolutely AI
2026-05-16 22:47:48,31,Image,AI,https://cdn.mos.cms.futurecdn.net/vDWTXZnZ9B2yC474L3QGsZ-970-80.png.webp
2026-05-16 22:47:52,31,Text,N/A,Absolutely AI
2026-05-16 22:47:57,32,Image,AI,https://cdn.mos.cms.futurecdn.net/SE24rVCFUa8DPfgRYAJXqN-970-80.png.webp
2026-05-16 22:48:01,32,Text,N/A,Absolutely AI
2026-05-16 22:48:18,33,Image,Real,https://static.boredpanda.com/blog/wp-content/uploads/2025/12/7jfxpxcin83g1-69392c1593f0a__700.jpg
2026-05-16 22:48:20,33,Text,N/A,"Petra, Jordan."
2026-05-16 22:48:26,34,Image,Real,https://static.boredpanda.com/blog/wp-content/uploads/2025/12/14-693949023d40f__700.jpg
2026-05-16 22:48:29,34,Text,N/A,Starfield Library in Suwon.
2026-05-16 22:48:39,35,Image,Real,https://static.boredpanda.com/blog/wp-content/uploads/2025/12/m0s4kb3is93g1-6939314220de1__700.jpg
2026-05-16 22:48:43,35,Text,N/A,The Tunnel of Love railway in Kleman.
2026-05-16 22:49:22,36,Image,Real,https://static.boredpanda.com/blog/wp-content/uploads/2025/12/w121brd5l93g1-69393207e8d97-png__700.jpg
2026-05-16 22:49:27,36,Text,N/A,Mont St Michel
2026-05-16 22:50:33,37,Image,AI,https://i0.wp.com/leonfurze.com/wp-content/uploads/2024/08/1a-1.jpeg?w=1024&ssl=1
2026-05-16 22:50:38,37,Text,N/A,Fake
